22,/anciens/22.png,/washs/peks_13.jpeg
142-124,/anciens/142-124.png,/washs/peks_18.jpeg
112,/anciens/112.png,/washs/peks_4.jpeg
26-34,/anciens/26-34.png,/washs/peks_10.jpeg
58,/anciens/58.png,/washs/peks_8.jpeg
179,/anciens/179.png,/washs/peks_3.jpeg
55,/anciens/55.png,/washs/peks_12.jpeg
148,/anciens/148.png,/washs/peks_2.jpeg
54-104,/anciens/54-104.png,/washs/peks_17.jpeg
111,/anciens/111.png,/washs/peks_5.jpeg
82,/anciens/82.png,/washs/peks_1.jpeg
125,/anciens/125.png,/washs/peks_15.jpeg
162,/anciens/162.png,/washs/peks_9.jpeg
135,/anciens/135.png,/washs/peks_7.jpeg
18,/anciens/18.png,/washs/peks_6.jpeg
62,/anciens/62.png,/washs/peks_16.jpeg
88,/anciens/88.png,/washs/peks_11.jpeg
50,/anciens/50.png,/washs/peks_14.jpeg